{
  "header": {
    "home": "الرئيسية",
    "services": "الخدمات",
    "projects": "المشاريع",
    "userGuide": "دليل المستخدم",
    "about": "عن المبادرة",
    "cta": "خدمات تسجيل العقارات",
    "switchToArabic": "English"
  },
  "hero": {
    "title": "تعزيز فرص الاستثمار في القطاع العقاري",
    "vision": "تسجيل الرؤية",
    "investment": "فرص الاستثمار",
    "explore": "استكشاف الفرص",
    "contact": "تواصل معنا",
    "scrollDown": "اسحب للأسفل"
  },
  "stats": {
    "landArea": "إجمالي مساحة الأراضي المستخدمة",
    "landAreaValue": "1.2 مليون متر مربع",
    "offers": "عدد العروض",
    "offersValue": "+350",
    "developers": "المطورون المتميزون",
    "developersValue": "+120",
    "properties": "عقارات",
    "clients": "عملاء",
    "cities": "مدن",
    "awards": "جوائز"
  },
  "map": {
    "title": "النشاط العقاري حسب المنطقة",
    "subtitle": "استكشف فرص الاستثمار في جميع أنحاء المملكة العربية السعودية",
    "regions": {
      "riyadh": {
        "name": "الرياض",
        "projects": "125 مشروع",
        "area": "450,000 متر مربع"
      },
      "makkah": {
        "name": "مكة المكرمة",
        "projects": "98 مشروع",
        "area": "320,000 متر مربع"
      },
      "eastern": {
        "name": "المنطقة الشرقية",
        "projects": "87 مشروع",
        "area": "280,000 متر مربع"
      },
      "madinah": {
        "name": "المدينة المنورة",
        "projects": "45 مشروع",
        "area": "150,000 متر مربع"
      }
    }
  },
  "services": {
    "title": "خدماتنا",
    "subtitle": "حلول شاملة للتطوير العقاري",
    "items": [
      {
        "title": "تسجيل العقارات",
        "description": "عملية مبسطة لتسجيل العقارات والتطويرات الجديدة"
      },
      {
        "title": "تخطيط الأراضي",
        "description": "استشارات خبيرة حول الاستخدام الأمثل للأراضي وتخطيط التطوير"
      },
      {
        "title": "شبكة المطورين",
        "description": "تواصل مع مطورين مؤهلين ومحترفين في الصناعة"
      },
      {
        "title": "تحليل السوق",
        "description": "رؤى مفصلة حول اتجاهات السوق وفرص الاستثمار"
      }
    ]
  },
  "projects": {
    "title": "المشاريع المميزة",
    "subtitle": "اكتشف تطوراتنا العقارية البارزة",
    "viewDetails": "عرض تفاصيل المشروع",
    "items": [
      {
        "title": "مساكن الوادي",
        "location": "الرياض",
        "area": "120,000 متر مربع",
        "units": "450 وحدة",
        "description": "مجمع سكني فاخر مع مرافق حديثة ومساحات خضراء"
      },
      {
        "title": "بوابة جدة",
        "location": "جدة",
        "area": "85,000 متر مربع",
        "units": "320 وحدة",
        "description": "تطوير متعدد الاستخدامات يضم مساحات سكنية وتجارية"
      },
      {
        "title": "مرتفعات الشرقية",
        "location": "الدمام",
        "area": "95,000 متر مربع",
        "units": "380 وحدة",
        "description": "عقارات مميزة على الواجهة البحرية مع إطلالات بانورامية على الخليج"
      }
    ]
  },
  "calendar": {
    "title": "الفعاليات القادمة",
    "subtitle": "ابق على اطلاع بفعالياتنا ومعارضنا العقارية",
    "viewEvent": "عرض تفاصيل الفعالية",
    "events": [
      {
        "date": "2023-06-15",
        "title": "منتدى الاستثمار العقاري",
        "location": "مركز الرياض للمعارض",
        "time": "9:00 صباحًا - 5:00 مساءً",
        "description": "انضم إلى قادة الصناعة لمناقشة مستقبل الاستثمار العقاري في المملكة العربية السعودية"
      },
      {
        "date": "2023-07-22",
        "title": "قمة تقنية العقارات",
        "location": "مركز الملك عبدالله المالي",
        "time": "10:00 صباحًا - 4:00 مساءً",
        "description": "استكشف أحدث الابتكارات التكنولوجية في قطاع العقارات"
      },
      {
        "date": "2023-08-10",
        "title": "ورشة عمل التنمية المستدامة",
        "location": "غرفة تجارة جدة",
        "time": "1:00 ظهرًا - 6:00 مساءً",
        "description": "تعرف على الممارسات المستدامة في التطوير العقاري الحديث"
      }
    ]
  },
  "partners": {
    "title": "شركاؤنا",
    "subtitle": "التعاون مع الجهات والمنظمات الحكومية الموثوقة",
    "partners": [
      "وزارة الإسكان",
      "برنامج سكني",
      "وافي",
      "الشركة السعودية لإعادة التمويل العقاري",
      "صندوق الاستثمارات العامة"
    ]
  },
  "footer": {
    "contact": {
      "title": "اتصل بنا",
      "address": "طريق الملك فهد، الرياض، المملكة العربية السعودية",
      "phone": "+966 11 000 0000",
      "email": "info@realestate-initiative.sa"
    },
    "quickLinks": {
      "title": "روابط سريعة",
      "links": ["من نحن", "الخدمات", "المشاريع", "الأخبار والفعاليات", "الوظائف"]
    },
    "newsletter": {
      "title": "اشترك في نشرتنا الإخبارية",
      "placeholder": "أدخل بريدك الإلكتروني",
      "button": "اشتراك"
    },
    "workingHours": {
      "title": "ساعات العمل",
      "hours": "الأحد - الخميس: 8:00 صباحًا - 4:00 مساءً"
    },
    "copyright": "© 2023 مبادرة التطوير العقاري. جميع الحقوق محفوظة.",
    "about": "عن الشركة",
    "aboutText": "نحن شركة رائدة في مجال العقارات الفاخرة، نقدم خدمات استثنائية للعملاء الباحثين عن تجربة سكنية فريدة.",
    "quickLinks": "روابط سريعة",
    "contact": "معلومات الاتصال",
    "subscribe": "اشترك في النشرة الإخبارية",
    "subscribePlaceholder": "البريد الإلكتروني",
    "subscribeButton": "اشتراك"
  },
  "theme": {
    "light": "الوضع النهاري",
    "dark": "الوضع الليلي",
    "system": "النظام"
  },
  "common": {
    "switchLanguage": "English",
    "search": "بحث",
    "viewAll": "عرض الكل",
    "contactUs": "اتصل بنا",
    "login": "تسجيل الدخول",
    "register": "إنشاء حساب",
    "menu": "القائمة"
  },
  "navigation": {
    "home": "الرئيسية",
    "properties": "العقارات",
    "services": "الخدمات",
    "about": "من نحن",
    "contact": "اتصل بنا"
  },
  "hero": {
    "title": "اكتشف منزل أحلامك",
    "subtitle": "تصفح مجموعتنا الحصرية من العقارات الفاخرة في المملكة العربية السعودية",
    "searchPlaceholder": "ابحث عن المدينة، الحي، أو نوع العقار",
    "searchButton": "بحث",
    "featuredProperties": "العقارات المميزة"
  },
  "propertyCard": {
    "price": "السعر",
    "area": "المساحة",
    "bedrooms": "غرف النوم",
    "bathrooms": "الحمامات",
    "viewDetails": "عرض التفاصيل",
    "featured": "مميز",
    "new": "جديد",
    "certified": "معتمد",
    "sqm": "متر مربع"
  },
  "propertyDetails": {
    "description": "الوصف",
    "features": "المميزات",
    "location": "الموقع",
    "contactAgent": "تواصل مع الوكيل",
    "schedule": "جدولة معاينة",
    "share": "مشاركة",
    "save": "حفظ",
    "propertyId": "رقم العقار",
    "listedOn": "تاريخ الإدراج",
    "propertyType": "نوع العقار",
    "yearBuilt": "سنة البناء"
  },
  "form": {
    "number": "رقم الهاتف",
    "dateOfBirth": "تاريخ الميلاد",
    "name": "الاسم الكامل",
    "email": "البريد الإلكتروني",
    "message": "الرسالة",
    "submit": "إرسال",
    "required": "مطلوب",
    "invalidEmail": "البريد الإلكتروني غير صحيح",
    "invalidPhone": "رقم الهاتف غير صحيح"
  },
  "filters": {
    "title": "تصفية النتائج",
    "propertyType": "نوع العقار",
    "priceRange": "نطاق السعر",
    "bedrooms": "غرف النوم",
    "bathrooms": "الحمامات",
    "area": "المساحة",
    "features": "المميزات",
    "applyFilters": "تطبيق الفلاتر",
    "resetFilters": "إعادة تعيين",
    "from": "من",
    "to": "إلى"
  },
  "copyright": "جميع الحقوق محفوظة © 2023 العقارات الفاخرة"
}
